objectid,parentid,title,variant_title,subject,description,scientific_name,species_common_name,format,type,creator,location,publisher,contributor,rights,rightsstatement,date,filetype,filesize,filename,display_template,object_location,image_small,image_thumb
001-2026-03-31,,Bats and wind energy: a literature synthesis and annotated bibliography,Open file report 2012-1110;,Bats -- Mortality; Wind turbine bat strikes; Horizontal axis wind turbines; Wind power plants -- Environmental aspects,USGS open-file report synthesizing scientific literature focused on bat mortality associated with wind energy in the U.S. and mitigation strategies; Includes annotated bibliography of peer-reviewed studies and theses,,,application/pdf,Text,"Ellison, Laura E., 1967- author.",VA,"U.S. Department of the Interior, U.S. Geological Survey",United States Government Publishing Office,"Pursuant to Title 17 Section 105 of the United States Code, this file is not subject to copyright protection and is in the public domain",http://rightsstatements.org/vocab/NoC-US/1.0/,2012,.pdf,1.1 MB,batsandwindenergy.pdf,batsandwindenergy.pdf,/objects/batsandwindenergy.pdf,/objects/USGSreportcover.jpg,/objects/USGSreportcover.jpg
002-2026-03-31,,HAWT mortality: juvenile male silver-haired bat,AR090111A23JB01,Silver-haired bat; Bats -- Mortality; Wind turbine bat strikes; Wind power plants -- Environmental aspects,Juvenile male Silver-haired bat stuck by turbine blade (HAWT); No external trauma observed; Signs of internal damage due to barotrauma; frozen specimen - minimal degradation of carcass,*Lasionycteris noctivagans*,Silver-haired Bat; Silver-haired; L. noct.; L. noctivagans,image/jpeg,Image,"Rider, Chelsea",PA,,,© 2011 Chelsea Rider. Licensed under Creative Commons Attribution–NonCommercial 4.0 International (CC BY?NC 4.0).,https://creativecommons.org/licenses/by-nc/4.0/legalcode.en,2011-09-24,.jpg,2.3 MB,ARWF11Sept01.JPG,ARWF11Sept01.JPG,/objects/ARWF11Sept01.JPG,/objects/ARWF11Sept01.JPG,/objects/ARWF11Sept01.JPG
003-2026-03-31,,HAWT mortality: female eastern red bat,AR081711A44DK01,Eastern red bat; Bats -- Mortality; Wind turbine bat strikes; Wind power plants -- Environmental aspects,Adult female E. Red bat struck by turbine blade (HAWT); Lacerations and signs of blunt force trauma on left forearm and wing; frozen specimen - minimal degradation of carcass,*Lasiurus borealis*,Eastern Red Bat; E. Red; Red; L. borealis,image/jpeg,Image,"Rider, Chelsea",PA,,,© 2011 Chelsea Rider. Licensed under Creative Commons Attribution–NonCommercial 4.0 International (CC BY?NC 4.0).,https://creativecommons.org/licenses/by-nc/4.0/legalcode.en,2011-08-09,.jpg,1.2 MB,ARWFAug01.JPG,ARWFAug01.JPG,/objects/ARWFAug01.JPG,/objects/ARWFAug01.JPG,/objects/ARWFAug01.JPG
001-2026-04-07,,HAWT mortality: male hoary bat,G081110T11NB01,Hoary bat; Bats -- Mortality; Wind turbine bat strikes; Wind power plants -- Environmental aspects,Adult male Hoary bat struck by turbine blade (HAWT); No external trauma observed; Signs of internal damage focused on right side; Unpreserved specimen - no degradation of carcass,*Lasiurus cinereus*,Hoary Bat; Hoary; L. cinereus,image/jpeg,Image,"Rider, Chelsea",OH,,,© 2010 Chelsea Rider. Licensed under Creative Commons Attribution–NonCommercial 4.0 International (CC BY?NC 4.0).,https://creativecommons.org/licenses/by-nc/4.0/legalcode.en,2010-08-16,.jpg,2.1 MB,BC10Aug01.JPG,BC10Aug01.JPG,/objects/BC10Aug01.JPG,/objects/BC10Aug01.JPG,/objects/BC10Aug01.JPG
001-2026-04-14,,HAWT mortality: male northern long-eared bat,Y091810T32AS02,Northern long-eared myotis; Bats -- Mortality; Wind turbine bat strikes; Wind power plants -- Environmental aspects,"Adult male N. Long-eared bat, turbine-related mortality (HAWT); Lack of external injuries suggest barotrauma-related mortality due to turbine-induced pressure differentials; frozen specimen - minimal degradation of carcass",*Myotis septentrionalis*,Northern long-eared bat; Long-eared myotis; N.long-eared; Long-eared; M. sep.; M. sept.,image/jpeg,Image,"Rider, Chelsea",PA,,,© 2010 Chelsea Rider. Licensed under Creative Commons Attribution–NonCommercial 4.0 International (CC BY?NC 4.0).,https://creativecommons.org/licenses/by-nc/4.0/legalcode.en,2010-08-16,.jpg,1.3 MB,SC10Sept01.JPG,SC10Sept01.JPG,/objects/SC10Sept01.JPG,/objects/SC10Sept01.JPG,/objects/SC10Sept01.JPG
002-2026-04-14,,HAWT mortality: juvenile male northern long-eared bat,Y091810T06MK01,Northern long-eared myotis; Bats -- Mortality; Wind turbine bat strikes; Wind power plants -- Environmental aspects,Juvenile male N. Long-eared bat stuck by turbine blade (HAWT); Right shoulder and wing broken due to blunt force trauma; frozen specimen - minimal degradation of carcass,*Myotis septentrionalis*,Northern long-eared bat; Long-eared myotis; N.long-eared; Long-eared; M. sep.; M. sept.,image/jpeg,Image,"Rider, Chelsea",PA,,,© 2010 Chelsea Rider. Licensed under Creative Commons Attribution–NonCommercial 4.0 International (CC BY?NC 4.0).,https://creativecommons.org/licenses/by-nc/4.0/legalcode.en,2010-10-25,.jpg,1.3 MB,SC10Sept03.JPG,SC10Sept03.JPG,/objects/SC10Sept03.JPG,/objects/SC10Sept03.JPG,/objects/SC10Sept03.JPG
003-2026-04-14,,HAWT mortality: male hoary bat,Y090510T21AS02,Hoary bat; Bats -- Mortality; Wind turbine bat strikes; Wind power plants -- Environmental aspects,"Adult male Hoary bat struck by turbine blade (HAWT); Extensive external and internal trauma suggests direct impact, likely near the tip of the blade; frozen specimen- minimal degradation of carcass",*Lasiurus cinereus*,Hoary Bat; Hoary; L. cinereus,image/jpeg,Image,"Rider, Chelsea",PA,,,© 2010 Chelsea Rider. Licensed under Creative Commons Attribution–NonCommercial 4.0 International (CC BY?NC 4.0).,https://creativecommons.org/licenses/by-nc/4.0/legalcode.en,2010-10-25,.jpg,1.3 MB,SC10Sept06.JPG,SC10Sept06.JPG,/objects/SC10Sept06.JPG,/objects/SC10Sept06.JPG,/objects/SC10Sept06.JPG
004-2026-04-14,,HAWT mortality: partial carcass of red bat,Y091610T29MK03,Eastern red bat; Bats -- Mortality; Wind turbine bat strikes; Wind power plants -- Environmental aspects,Partial carcass of adult E. Red bat of unknown sex struck by turbine blade (HAWT); Remains of ligaments on shoulder joint of left wing suggest it was severed upon impact; frozen specimen - heavily degraded with moderate decomposition of wing membrane,*Lasiurus borealis*,Eastern Red Bat; E. Red; Red; L. borealis,image/jpeg,Image,"Rider, Chelsea",PA,,,© 2010 Chelsea Rider. Licensed under Creative Commons Attribution–NonCommercial 4.0 International (CC BY?NC 4.0).,https://creativecommons.org/licenses/by-nc/4.0/legalcode.en,2010-10-25,.jpg,1.4 MB,SC10Sept04.JPG,SC10Sept04.JPG,/objects/SC10Sept04.JPG,/objects/SC10Sept04.JPG,/objects/SC10Sept04.JPG
005-2026-04-14,,HAWT mortality: post-lactating female hoary bat,Y091110T29MK01,Hoary bat; Bats -- Mortality; Wind turbine bat strikes; Wind power plants -- Environmental aspects,Adult female Hoary bat (post-lactating) struck by turbine blade (HAWT); Deep lacerations on right side and broken finger joints on left wing; frozen specimen - moderate degradation with some decomposition of exposed organs,*Lasiurus cinereus*,Hoary Bat; Hoary; L. cinereus,image/jpeg,Image,"Rider, Chelsea",PA,,,© 2010 Chelsea Rider. Licensed under Creative Commons Attribution–NonCommercial 4.0 International (CC BY?NC 4.0).,https://creativecommons.org/licenses/by-nc/4.0/legalcode.en,2010-10-25,.jpg,1.3 MB,SC10Sept05.JPG,SC10Sept05.JPG,/objects/SC10Sept05.JPG,/objects/SC10Sept05.JPG,/objects/SC10Sept05.JPG
006-2026-04-14,,HAWT mortality: little brown bat,R070810TB02JK02,Little brown bat: Bats -- Mortality; Wind turbine bat strikes; Wind power plants -- Environmental aspects,Adult Little Brown bat of unknown sex struck by turbine blade (HAWT); Deep lacerations on abdomen suggest direct stike; Frozen specimen - moderate-advanced degredation with missing tissue likey caused by scavenging,*Myotis lucifugus*,Little Brown Bat; Little Brown Myotis; Little Brown; M. lucifugus; M. luc.; luci; lucy,image/jpeg,Image,"Rider, Chelsea",NY,,,© 2010 Chelsea Rider. Licensed under Creative Commons Attribution–NonCommercial 4.0 International (CC BY?NC 4.0).,https://creativecommons.org/licenses/by-nc/4.0/legalcode.en,2010-08-02,.jpg,1.5 MB,NA10July01.JPG,NA10July01.JPG,/objects/NA10July01.JPG,/objects/NA10July01.JPG,/objects/NA10July01.JPG
007-2026-04-14,,"A deadly double punch:together, turbines and disease jeopardize endangered bats","National News Release: ""A Deadly Double Punch: Together, Turbines and Disease Jeopardize Endangered Bats""
",Bats -- Mortality; Wind turbine bat strikes; Horizontal axis wind turbines; Wind power plants -- Environmental aspects; White-nose syndrome; Myotis sodalis,"USGS article summarizing the findings of a 2016 study which determine causation of accelerating declines in bat populations, particularly the endangered Indiana bat, to be directly related to both WNS (white-nose syndrome) and wind turbine (HAWT) related mortality; Includes species range map, video clip of temperature-imaging surveillance featuring bat interaction with HAWT, and links to the original study",*Myotis sodalis*,Indiana Bat; Indiana; M. sod.; M. sodalis; sodalis,compound_object,,,,,,,,,,,https://www.usgs.gov/news/national-news-release/a-deadly-double-punch-together-turbines-and-disease-jeopardize,https://www.usgs.gov/news/national-news-release/a-deadly-double-punch-together-turbines-and-disease-jeopardize,https://www.usgs.gov/news/national-news-release/a-deadly-double-punch-together-turbines-and-disease-jeopardize,https://www.usgs.gov/news/national-news-release/a-deadly-double-punch-together-turbines-and-disease-jeopardize,https://www.usgs.gov/news/national-news-release/a-deadly-double-punch-together-turbines-and-disease-jeopardize
008-2026-04-14,007-2026-04-14,"A deadly double punch:together, turbines and disease jeopardize endangered bats","National News Release: ""A Deadly Double Punch: Together, Turbines and Disease Jeopardize Endangered Bats""
",Bats -- Mortality; Wind turbine bat strikes; Horizontal axis wind turbines; Wind power plants -- Environmental aspects; White-nose syndrome; Myotis sodalis,"USGS article summarizing the findings of a 2016 study which determine causation of accelerating declines in bat populations, particularly the endangered Indiana bat, to be directly related to both WNS (white-nose syndrome) and wind turbine (HAWT) related mortality",*Myotis sodalis*,Indiana Bat; Indiana; M. sod.; M. sodalis; sodalis,text/html,Text,,,,,,,,,,https://www.usgs.gov/news/national-news-release/a-deadly-double-punch-together-turbines-and-disease-jeopardize,https://www.usgs.gov/news/national-news-release/a-deadly-double-punch-together-turbines-and-disease-jeopardize,https://www.usgs.gov/news/national-news-release/a-deadly-double-punch-together-turbines-and-disease-jeopardize,https://www.usgs.gov/news/national-news-release/a-deadly-double-punch-together-turbines-and-disease-jeopardize,https://www.usgs.gov/news/national-news-release/a-deadly-double-punch-together-turbines-and-disease-jeopardize
009-2026-04-14,007-2026-04-14,An Indiana bat hanging onto a tree,,Myotis sodalis; Bats -- Conservation,Image of an endangered Indiana bat clinging to the exfoliating bark of a tree,*Myotis sodalis*,Indiana Bat; Indiana; M. sod.; M. sodalis; sodalis,image/png,Image,"Mann, Adam",,"Fort Collins Science Center, USGS",U.S. Fish and Wildlife Service,"Pursuant to Title 17 Section 105 of the United States Code, this file is not subject to copyright protection and is in the public domain",http://rightsstatements.org/vocab/NoC-US/1.0/,2016-10-21,.png,784KB,https://d9-wret.s3.us-west-2.amazonaws.com/assets/palladium/production/s3fs-public/thumbnails/image/indiana_batUMESC_USGS%20photo.png,https://d9-wret.s3.us-west-2.amazonaws.com/assets/palladium/production/s3fs-public/thumbnails/image/indiana_batUMESC_USGS%20photo.png,https://d9-wret.s3.us-west-2.amazonaws.com/assets/palladium/production/s3fs-public/thumbnails/image/indiana_batUMESC_USGS%20photo.png,https://d9-wret.s3.us-west-2.amazonaws.com/assets/palladium/production/s3fs-public/thumbnails/image/indiana_batUMESC_USGS%20photo.png,https://d9-wret.s3.us-west-2.amazonaws.com/assets/palladium/production/s3fs-public/thumbnails/image/indiana_batUMESC_USGS%20photo.png
010-2026-04-14,007-2026-04-14,Temperature-imaging surveillance video: bat interacting with horizontal axis wind turbine,,Horizontal axis wind turbines; Wind power plants -- Environmental aspects; Bats -- Conservation,"Surveillance video clip from a temperature-imaging camera which shows a bat interacting with HAWT: Flight behavior suggests curiosity, most likely a male bat investigating a potential roost; 1m16sec clip, video resolution 614 x 454 pixels, limited by imaging device",,,video/mp4,MovingImage,"Cryan, Paul",,,U.S. Geological Survey,"Pursuant to Title 17 Section 105 of the United States Code, this file is not subject to copyright protection and is in the public domain",http://rightsstatements.org/vocab/NoC-US/1.0/,2009,.mp4,3.2 MB,batturbines.mp4,batturbines.mp4,/objects/batturbines.mp4,/objects/batturbines.mp4,/objects/batturbines.mp4
011-2026-04-14,007-2026-04-14,Range map of indiana bat populations with wind farm fatality notation,,Myotis sodalis; Bats -- Conservation; Bats -- Mortality; Wind turbine bat strikes; Horizontal axis wind turbines; Wind power plants -- Environmental aspects,"U.S. map depicting known territory range of the Indiana bat, noting counties with confirmed wind turnbine-related fatality of indiana bats as of April 2015",*Myotis sodalis*,Indiana Bat; Indiana; M. sod.; M. sodalis; sodalis,image/png,Image,"Pruitt, Lori; Okajima, Jennifer",IN,"U.S. Fish and Wildlife Service, Indiana Field Office",U.S. Fish and Wildlife Service,"Pursuant to Title 17 Section 105 of the United States Code, this file is not subject to copyright protection and is in the public domain",http://rightsstatements.org/vocab/NoC-US/1.0/,2015,.png,888 KB,https://d9-wret.s3.us-west-2.amazonaws.com/assets/palladium/production/s3fs-public/thumbnails/image/fig-2-full.png,https://d9-wret.s3.us-west-2.amazonaws.com/assets/palladium/production/s3fs-public/thumbnails/image/fig-2-full.png,https://d9-wret.s3.us-west-2.amazonaws.com/assets/palladium/production/s3fs-public/thumbnails/image/fig-2-full.png,https://d9-wret.s3.us-west-2.amazonaws.com/assets/palladium/production/s3fs-public/thumbnails/image/fig-2-full.png,https://d9-wret.s3.us-west-2.amazonaws.com/assets/palladium/production/s3fs-public/thumbnails/image/fig-2-full.png
012-2026-04-14,,HAWT mortality: lactating female hoary bat,R083010T5P5NR01,Hoary bat; Bats -- Mortality; Wind turbine bat strikes; Wind power plants -- Environmental aspects,Adult lactating female Hoary bat struck by turbine blade (HAWT); Blunt force trauma on left side of skull along with damage to left wing; frozen specimen- minimal degradation of carcass,*Lasiurus cinereus*,Hoary Bat; Hoary; L. cinereus,image/jpeg,Image,"Rider, Chelsea",NY,,,© 2010 Chelsea Rider. Licensed under Creative Commons Attribution–NonCommercial 4.0 International (CC BY?NC 4.0).,https://creativecommons.org/licenses/by-nc/4.0/legalcode.en,2010-08-03,.jpg,2.3 MB,NA10Aug01.JPG,NA10Aug01.JPG,/objects/NA10Aug01.JPG,/objects/NA10Aug01.JPG,/objects/NA10Aug01.JPG
013-2026-04-14,,HAWT mortality: partial carcass of adult big brown bat,R081810T99BR02,Big brown bat; Bats -- Mortality; Wind turbine bat strikes; Wind power plants -- Environmental aspects,"Partial carcass of adult Big Brown bat of unknown sex struck by turbine blade (HAWT); Partial skeletalization with evidence of fractured spine, right humerus, and right radius; frozen specimen - moderate-severe degradation of carcass, partially decomposed with loss of soft tissue",*Eptesicus fuscus*,Big Brown Bat; Big Brown; BB; E. fuscus,image/jpeg,Image,"Rider, Chelsea",NY,,,© 2010 Chelsea Rider. Licensed under Creative Commons Attribution–NonCommercial 4.0 International (CC BY?NC 4.0).,https://creativecommons.org/licenses/by-nc/4.0/legalcode.en,2010-08-03,.jpg,1.9 MB,NA10Aug03.JPG,NA10Aug03.JPG,objects/NA10Aug03.JPG,objects/NA10Aug03.JPG,objects/NA10Aug03.JPG
001-2026-04-22,,HAWT mortality: pregnant female little brown bat,Y062210T29AS02,Little brown bat: Bats -- Mortality; Wind turbine bat strikes; Wind power plants -- Environmental aspects,Adult pregnant female Little Brown bat struck by turbine blade (HAWT); Blunt force trauma on lower spine and deep lacerations near left hip joint suggest direct impact on edge of blade; frozen specimen - minimal degradation of carcass,*Myotis lucifugus*,Little Brown Bat; Little Brown Myotis; Little Brown; M. lucifugus; M. luc.; luci; lucy,image/jpeg,Image,"Rider, Chelsea",PA,,,© 2010 Chelsea Rider. Licensed under Creative Commons Attribution–NonCommercial 4.0 International (CC BY?NC 4.0).,https://creativecommons.org/licenses/by-nc/4.0/legalcode.en,2010-09-07,.jpg,2.7 MB,SC10June03.JPG,SC10June03.JPG,objects/SC10June03.JPG,objects/SC10June03.JPG,objects/SC10June03.JPG
002-2026-04-22,,HAWT mortality: adult male tri-colored bat,Y061910T01AM01,Tri-colored bat: Bats -- Mortality; Wind turbine bat strikes; Wind power plants -- Environmental aspects,Adult male Tri-colored bat stuck by turbine blade (HAWT); Shallow lacerations on lower back and tail membrane; Signs of internal damage in abdominal cavity; frozen specimen - minimal degradation of carcass,*Perimyotis subflavus*,Tri-colored Bat; Triicolored; Tri colored; P. Myotis sub; Pipistrelle; Pipistrellus pipistrellus; Pip; Common Pipistrelle,image/jpeg,Image,"Rider, Chelsea",PA,,,© 2010 Chelsea Rider. Licensed under Creative Commons Attribution–NonCommercial 4.0 International (CC BY?NC 4.0).,https://creativecommons.org/licenses/by-nc/4.0/legalcode.en,2010-09-07,.jpg,2.7 MB,SC10June01.JPG,SC10June01.JPG,objects/SC10June01.JPG,objects/SC10June01.JPG,objects/SC10June01.JPG
